Country,Stations
Spain,79.17%
Romania,100.00%
Austria,100.00%
Belgium,100.00%
Bulgaria,57.14%
Czech Republic,100.00%
Denmark,100.00%
Estonia,100.00%
Finland,100.00%
Germany,100.00%
Greece,33.33%
Hungary,100.00%
Ireland,66.67%
Israel,0.00%
Latvia,100.00%
Lithuania,100.00%
Luxembourg,100.00%
Netherlands,100.00%
Norway,0.00%
Portugal,33.33%
Slovakia,100.00%
Slovenia,100.00%
Sweden,0.00%
Switzerland,100.00%
UK Domestic,96.83%
France,0.00%
Italy,0.00%
Northern Ireland,100.00%
Poland,0.00%
UK,100.00%
Grand Total,85.82%
